{"Gauss-Newton": {"H0": 70.44835464227647, "Omega": 0.7360817108394976, "nfev": 4}, "Levenberg-Marquardt": {"H0": 70.44839655431909, "Omega": 0.736084725215613, "nfev": 30}}